year,month,day,hour,week,dow,doq,qoy,Date,x1,x2,x3,output,Height,Temp3m,Temp6m,Temp12m,Oxy12m,Salin6m,Speed5m,SpeedDir5m
2019,7,17,12,29,3,17,3,2019-07-17T12:00:00.0,5.269572918716788,6.412165238627427,9.001108053043572,7.1452056727580615,9.001108053043572,11.780159999999999,11.276505,9.9527505,91.210115,32.404345,3.704,320.091
2019,7,17,11,29,3,17,3,2019-07-17T11:00:00.0,4.921487803695262,5.269572918716788,6.412165238627427,9.001108053043572,6.412165238627427,11.82278,11.62627,10.24275,34.78481,29.39088,1.8815,221.9995
2019,7,17,10,29,3,17,3,2019-07-17T10:00:00.0,4.816819711774125,4.921487803695262,5.269572918716788,6.412165238627427,5.269572918716788,12.0047,11.667535,10.718985,29.542875000000002,29.120385,4.2985,223.245
2019,7,17,9,29,3,17,3,2019-07-17T09:00:00.0,5.340530846484936,4.816819711774125,4.921487803695262,5.269572918716788,4.921487803695262,12.254764999999999,12.038485,10.618345,37.486325,29.363680000000002,3.638,224.8185
2019,7,17,8,29,3,17,3,2019-07-17T08:00:00.0,4.721335416383644,5.340530846484936,4.816819711774125,4.921487803695262,4.816819711774125,12.342369999999999,11.933074999999999,10.793624999999999,36.04581,29.433175,3.675,162.14
2019,7,17,7,29,3,17,3,2019-07-17T07:00:00.0,3.32073178742692,4.721335416383644,5.340530846484936,4.816819711774125,5.340530846484936,12.40076,12.187405,10.34243,44.720235,29.430594999999997,8.4255,184.398
2019,7,17,6,29,3,17,3,2019-07-17T06:00:00.0,3.8101126731084523,3.32073178742692,4.721335416383644,5.340530846484936,4.721335416383644,12.42121,12.320540000000001,10.15557,47.278785,29.305135,2.7119999999999997,215.115
2019,7,17,5,29,3,17,3,2019-07-17T05:00:00.0,4.988182944321293,3.8101126731084523,3.32073178742692,4.721335416383644,3.32073178742692,12.364519999999999,12.072225,9.690701,48.194715,29.509075000000003,12.0305,315.96450000000004
2019,7,17,4,29,3,17,3,2019-07-17T04:00:00.0,5.983216186883043,4.988182944321293,3.8101126731084523,3.32073178742692,3.8101126731084523,12.597470000000001,12.611065,9.402848,48.811505,29.094575,18.418,314.85400000000004
2019,7,17,3,29,3,17,3,2019-07-17T03:00:00.0,6.3157473457730875,5.983216186883043,4.988182944321293,3.8101126731084523,4.988182944321293,12.271155,12.386244999999999,9.5280025,48.397099999999995,29.769080000000002,17.875,316.4475
2019,7,17,2,29,3,17,3,2019-07-17T02:00:00.0,7.210721340765253,6.3157473457730875,5.983216186883043,4.988182944321293,5.983216186883043,12.064540000000001,12.041785,9.7034945,47.305015,29.93508,10.089,317.34450000000004
2019,7,17,1,29,3,17,3,2019-07-17T01:00:00.0,8.199929955994092,7.210721340765253,6.3157473457730875,5.983216186883043,6.3157473457730875,11.29212,11.073475,9.8300605,47.020275,30.18816,4.027,314.733
2019,7,17,0,29,3,17,3,2019-07-17T00:00:00.0,7.5210009844211445,8.199929955994092,7.210721340765253,6.3157473457730875,7.210721340765253,11.852385,11.48086,9.852815,47.03022,29.977305,1.2105000000000001,169.8185
2019,7,16,23,29,2,16,3,2019-07-16T23:00:00.0,7.514340898992555,7.5210009844211445,8.199929955994092,7.210721340765253,8.199929955994092,11.886275,11.75584,9.918220000000002,38.94883,29.887295,1.2815,253.75650000000002
2019,7,16,22,29,2,16,3,2019-07-16T22:00:00.0,5.94964863486003,7.514340898992555,7.5210009844211445,8.199929955994092,7.5210009844211445,11.977135,11.843245,10.22277,34.291725,29.720064999999998,4.1315,184.7815
2019,7,16,21,29,2,16,3,2019-07-16T21:00:00.0,6.400123169563432,5.94964863486003,7.514340898992555,7.5210009844211445,7.514340898992555,12.163785,12.22515,10.51314,33.065664999999996,29.361765,1.721,179.464
2019,7,16,20,29,2,16,3,2019-07-16T20:00:00.0,5.455651998385143,6.400123169563432,5.94964863486003,7.514340898992555,5.94964863486003,12.01044,11.850674999999999,10.12805,36.161525,29.487074999999997,6.893,167.96699999999998
2019,7,16,19,29,2,16,3,2019-07-16T19:00:00.0,4.7200023321802,5.455651998385143,6.400123169563432,5.94964863486003,6.400123169563432,12.233905,12.13223,10.448885,40.850170000000006,29.23209,8.1125,194.3465
2019,7,16,18,29,2,16,3,2019-07-16T18:00:00.0,4.905656345907308,4.7200023321802,5.455651998385143,6.400123169563432,5.455651998385143,12.48259,12.40923,10.162525,47.885855,29.18105,8.999500000000001,242.748
2019,7,16,17,29,2,16,3,2019-07-16T17:00:00.0,4.417095920924405,4.905656345907308,4.7200023321802,5.455651998385143,4.7200023321802,12.452935,12.424015,9.894597000000001,47.53331,29.523495,5.5485,284.2045
2019,7,16,16,29,2,16,3,2019-07-16T16:00:00.0,4.72782874617737,4.417095920924405,4.905656345907308,4.7200023321802,4.905656345907308,12.377369999999999,11.981665,9.857297500000001,50.689350000000005,29.313375,5.585,256.3215
2019,7,16,15,29,2,16,3,2019-07-16T15:00:00.0,4.763684038020322,4.72782874617737,4.417095920924405,4.905656345907308,4.417095920924405,12.2149,11.87457,9.9591,51.97221,29.81313,9.483,313.08050000000003
2019,7,16,14,29,2,16,3,2019-07-16T14:00:00.0,5.728922402741195,4.763684038020322,4.72782874617737,4.417095920924405,4.72782874617737,12.01794,12.00967,10.00793,47.855905,29.950705,12.5345,319.77599999999995
2019,7,16,13,29,2,16,3,2019-07-16T13:00:00.0,6.810084017958606,5.728922402741195,4.763684038020322,4.72782874617737,4.763684038020322,12.234115,12.23344,10.042570000000001,49.400525,29.516225,11.05,323.63750000000005
2019,7,16,12,29,2,16,3,2019-07-16T12:00:00.0,6.356481843335262,6.810084017958606,5.728922402741195,4.763684038020322,5.728922402741195,12.22805,12.39036,9.9446125,47.9989,29.25425,6.4559999999999995,343.9935
2019,7,16,11,29,2,16,3,2019-07-16T11:00:00.0,7.182808957479814,6.356481843335262,6.810084017958606,5.728922402741195,6.810084017958606,12.088095,12.014615,10.07299,41.723195000000004,29.741770000000002,3.1185,275.8915
2019,7,16,10,29,2,16,3,2019-07-16T10:00:00.0,5.6431552891499015,7.182808957479814,6.356481843335262,6.810084017958606,6.356481843335262,12.166735,12.253165,10.502815,40.427675,29.756075,2.6405000000000003,252.9325
2019,7,16,9,29,2,16,3,2019-07-16T09:00:00.0,4.494707721914843,5.6431552891499015,7.182808957479814,6.356481843335262,7.182808957479814,12.157585000000001,12.14875,10.705055,29.95495,29.51127,4.1355,183.98649999999998
2019,7,16,8,29,2,16,3,2019-07-16T08:00:00.0,4.868711418602571,4.494707721914843,5.6431552891499015,7.182808957479814,5.6431552891499015,12.265205,12.097735,10.764655000000001,43.83806,29.804814999999998,3.0140000000000002,224.97699999999998
2019,7,16,7,29,2,16,3,2019-07-16T07:00:00.0,4.853000474383301,4.868711418602571,4.494707721914843,5.6431552891499015,4.494707721914843,12.26289,12.263850000000001,10.77078,44.794445,29.810519999999997,2.902,281.2445
2019,7,16,6,29,2,16,3,2019-07-16T06:00:00.0,3.8226299694189603,4.853000474383301,4.868711418602571,4.494707721914843,4.868711418602571,12.39014,12.288499999999999,11.172460000000001,46.25901,29.815240000000003,4.265,212.80450000000002
2019,7,16,5,29,2,16,3,2019-07-16T05:00:00.0,4.168010115378537,3.8226299694189603,4.853000474383301,4.868711418602571,4.853000474383301,12.419495,12.382964999999999,10.914185,47.81882,29.57435,9.551,293.8555
2019,7,16,4,29,2,16,3,2019-07-16T04:00:00.0,4.424682163840365,4.168010115378537,3.8226299694189603,4.853000474383301,3.8226299694189603,12.48193,12.418275,9.5881715,51.14025,29.56034,12.439,305.915
2019,7,16,3,29,2,16,3,2019-07-16T03:00:00.0,4.574306022476227,4.424682163840365,4.168010115378537,3.8226299694189603,4.168010115378537,12.585955,12.483935,9.568491,50.591135,29.6268,14.9805,309.39200000000005
2019,7,16,2,29,2,16,3,2019-07-16T02:00:00.0,5.718043246557942,4.574306022476227,4.424682163840365,4.168010115378537,4.424682163840365,12.57047,12.481470000000002,9.7956255,50.60197,29.785805,13.732,322.0575
2019,7,16,1,29,2,16,3,2019-07-16T01:00:00.0,6.210557423557844,5.718043246557942,4.574306022476227,4.424682163840365,4.574306022476227,12.53453,12.47245,9.802756,44.92914,29.68863,13.583,327.35900000000004
2019,7,16,0,29,2,16,3,2019-07-16T00:00:00.0,7.4495055934716286,6.210557423557844,5.718043246557942,4.574306022476227,5.718043246557942,12.5642,12.555299999999999,10.09536,47.77957,29.769315,11.684999999999999,327.764
2019,7,15,23,29,1,15,3,2019-07-15T23:00:00.0,7.383914765782614,7.4495055934716286,6.210557423557844,5.718043246557942,6.210557423557844,12.433620000000001,12.4987,10.1094,46.476555000000005,29.680855,10.302,326.115
2019,7,15,22,29,1,15,3,2019-07-15T22:00:00.0,7.350334161915961,7.383914765782614,7.4495055934716286,6.210557423557844,7.4495055934716286,12.339504999999999,12.30822,10.78471,34.673775,29.49914,3.3920000000000003,328.0085
2019,7,15,21,29,1,15,3,2019-07-15T21:00:00.0,6.583281729667058,7.350334161915961,7.383914765782614,7.4495055934716286,7.383914765782614,12.188894999999999,12.210425,10.633465000000001,35.60212,29.879640000000002,3.9245,182.8785
2019,7,15,20,29,1,15,3,2019-07-15T20:00:00.0,7.026717223912316,6.583281729667058,7.350334161915961,7.383914765782614,7.350334161915961,12.34627,12.317264999999999,10.80613,32.994524999999996,29.280034999999998,5.677,195.969
2019,7,15,19,29,1,15,3,2019-07-15T19:00:00.0,7.734429040602203,7.026717223912316,6.583281729667058,7.350334161915961,6.583281729667058,12.398530000000001,12.30165,10.924595,34.114509999999996,29.901605,1.9485000000000001,179.2285
2019,7,15,18,29,1,15,3,2019-07-15T18:00:00.0,2.5169737678133792,7.734429040602203,7.026717223912316,6.583281729667058,7.026717223912316,12.47928,12.42238,11.42568,32.34827,29.16862,5.7125,184.784
2019,7,15,17,29,1,15,3,2019-07-15T17:00:00.0,2.8746854182087342,2.5169737678133792,7.734429040602203,7.026717223912316,7.734429040602203,12.466345,12.369005,11.623000000000001,32.514445,29.301895000000002,4.875,266.08349999999996
2019,7,15,16,29,1,15,3,2019-07-15T16:00:00.0,2.1875,2.8746854182087342,2.5169737678133792,7.734429040602203,2.5169737678133792,12.406195,12.353394999999999,11.786515,37.639984999999996,29.519655,11.366,296.3485
2019,7,15,15,29,1,15,3,2019-07-15T15:00:00.0,4.63899589909283,2.1875,2.8746854182087342,2.5169737678133792,2.8746854182087342,12.319234999999999,12.323015,11.720575,44.39899,29.624455,19.9905,298.3145
2019,7,15,14,29,1,15,3,2019-07-15T14:00:00.0,4.6500124828361,4.63899589909283,2.1875,2.8746854182087342,2.1875,12.299335,12.35751,12.130970000000001,46.044945,30.09947,19.406,303.8615
2019,7,15,13,29,1,15,3,2019-07-15T13:00:00.0,4.716271515356058,4.6500124828361,4.63899589909283,2.1875,4.63899589909283,12.18985,12.20632,11.94503,46.27372,30.25906,13.16,309.89300000000003
2019,7,15,12,29,1,15,3,2019-07-15T12:00:00.0,4.716166551817746,4.716271515356058,4.6500124828361,4.63899589909283,4.6500124828361,12.299335,12.35751,11.94503,46.044945,30.09947,10.057500000000001,328.4595
2019,7,15,11,29,1,15,3,2019-07-15T11:00:00.0,4.924564415469921,4.716166551817746,4.716271515356058,4.6500124828361,4.716271515356058,12.286825,12.332867499999999,11.789825,43.1350925,29.881729999999997,11.2005,325.102
2019,7,15,10,29,1,15,3,2019-07-15T10:00:00.0,5.096492036785212,4.924564415469921,4.716166551817746,4.716271515356058,4.716166551817746,12.44675,12.40268,11.317174999999999,40.22524,29.627585,7.0245,341.1865
2019,7,15,9,29,1,15,3,2019-07-15T09:00:00.0,5.166534051864444,5.096492036785212,4.924564415469921,4.716166551817746,4.924564415469921,12.274315000000001,12.308225,11.63462,35.70637,29.66399,5.0285,163.5575
2019,7,15,8,29,1,15,3,2019-07-15T08:00:00.0,6.333859743728013,5.166534051864444,5.096492036785212,4.924564415469921,5.096492036785212,12.302805,12.31562,11.637049999999999,27.07844,29.756729999999997,5.1485,304.683
2019,7,15,7,29,1,15,3,2019-07-15T07:00:00.0,7.322379323451159,6.333859743728013,5.166534051864444,5.096492036785212,5.166534051864444,12.333025,12.368179999999999,11.764005000000001,37.43766,29.3898,1.3685,279.347
2019,7,15,6,29,1,15,3,2019-07-15T06:00:00.0,8.142216152945768,7.322379323451159,6.333859743728013,5.166534051864444,6.333859743728013,12.25041,12.257275,11.601945,39.238294999999994,29.777025000000002,3.4025,283.571
2019,7,15,5,29,1,15,3,2019-07-15T05:00:00.0,7.378008704147793,8.142216152945768,7.322379323451159,6.333859743728013,7.322379323451159,12.16436,12.14628,11.54296,42.766555,29.723295,6.016500000000001,210.415
2019,7,15,4,29,1,15,3,2019-07-15T04:00:00.0,4.204102720466172,7.378008704147793,8.142216152945768,7.322379323451159,8.142216152945768,12.17346,12.13312,11.386534999999999,45.072165,29.743479999999998,7.022,194.8675
2019,7,15,3,29,1,15,3,2019-07-15T03:00:00.0,5.3121031859520675,4.204102720466172,7.378008704147793,8.142216152945768,7.378008704147793,12.111805,12.096915,11.317015000000001,47.275445,29.55587,6.827,273.8905
2019,7,15,2,29,1,15,3,2019-07-15T02:00:00.0,5.905739061884115,5.3121031859520675,4.204102720466172,7.378008704147793,4.204102720466172,12.025705,11.960255,11.16231,50.155375,29.15108,4.5585,222.09199999999998
2019,7,15,1,29,1,15,3,2019-07-15T01:00:00.0,5.909040680113745,5.905739061884115,5.3121031859520675,4.204102720466172,5.3121031859520675,11.93534,11.94129,10.851130000000001,52.70549,29.40458,4.3655,300.8045
2019,7,15,0,29,1,15,3,2019-07-15T00:00:00.0,6.8602385164799164,5.909040680113745,5.905739061884115,5.3121031859520675,5.905739061884115,11.80944,11.754185,11.170425000000002,51.019695,30.22667,12.9995,304.4125
2019,7,14,23,28,7,14,3,2019-07-14T23:00:00.0,6.7576173285198555,6.8602385164799164,5.909040680113745,5.905739061884115,5.909040680113745,12.108915,12.090335,10.96742,50.86125,29.367105,7.05,304.1955
2019,7,14,22,28,7,14,3,2019-07-14T22:00:00.0,6.79477584828889,6.7576173285198555,6.8602385164799164,5.909040680113745,6.8602385164799164,12.102725,12.10515,11.100665,46.86046,29.527175,6.4275,316.14300000000003
2019,7,14,21,28,7,14,3,2019-07-14T21:00:00.0,6.439751740841659,6.79477584828889,6.7576173285198555,6.8602385164799164,6.7576173285198555,12.1111,12.073055,11.04308,45.08032,29.832720000000002,8.348,322.90700000000004
2019,7,14,20,28,7,14,3,2019-07-14T20:00:00.0,5.4397232720725395,6.439751740841659,6.79477584828889,6.7576173285198555,6.79477584828889,12.27582,12.269604999999999,11.183219999999999,41.54308,29.647534999999998,3.1109999999999998,324.1155
2019,7,14,19,28,7,14,3,2019-07-14T19:00:00.0,5.413326899974398,5.4397232720725395,6.439751740841659,6.79477584828889,6.439751740841659,12.195415,12.196445,11.181055,41.20879,29.74332,4.822,326.77549999999997
2019,7,14,18,28,7,14,3,2019-07-14T18:00:00.0,6.572177937773207,5.413326899974398,5.4397232720725395,6.439751740841659,5.4397232720725395,12.183219999999999,12.203845,11.22991,36.41659,29.73397,3.56,294.134
2019,7,14,17,28,7,14,3,2019-07-14T17:00:00.0,5.974571715289226,6.572177937773207,5.413326899974398,5.4397232720725395,5.413326899974398,12.165970000000002,12.211245,11.274155,42.205905,29.79707,5.5555,215.18849999999998
2019,7,14,16,28,7,14,3,2019-07-14T16:00:00.0,4.169640581187866,5.974571715289226,6.572177937773207,5.413326899974398,6.572177937773207,12.096745,12.1874,11.23885,41.26477,29.094635,7.747999999999999,194.4065
2019,7,14,15,28,7,14,3,2019-07-14T15:00:00.0,3.868823151125402,4.169640581187866,5.974571715289226,6.572177937773207,5.974571715289226,12.04026,12.03848,10.59834,51.946685,29.69803,7.728,207.2575
2019,7,14,14,28,7,14,3,2019-07-14T14:00:00.0,3.970165732450074,3.868823151125402,4.169640581187866,5.974571715289226,4.169640581187866,11.89125,11.788005,10.58304,52.569775,29.866975,6.3105,314.8285
2019,7,14,13,28,7,14,3,2019-07-14T13:00:00.0,4.585687640572714,3.970165732450074,3.868823151125402,4.169640581187866,3.868823151125402,12.067969999999999,12.092804999999998,10.52698,55.974425,29.846505,11.656,303.4945
2019,7,14,12,28,7,14,3,2019-07-14T12:00:00.0,4.307735721273233,4.585687640572714,3.970165732450074,3.868823151125402,3.970165732450074,12.150960000000001,12.175889999999999,10.425965000000001,55.179335,29.885645,12.512,313.289
2019,7,14,11,28,7,14,3,2019-07-14T11:00:00.0,5.126008347526624,4.307735721273233,4.585687640572714,3.970165732450074,4.585687640572714,12.018345,12.01378,10.771505,52.68321,29.964444999999998,9.9725,312.169
2019,7,14,10,28,7,14,3,2019-07-14T10:00:00.0,4.744655351911484,5.126008347526624,4.307735721273233,4.585687640572714,4.307735721273233,11.965415,11.99485,10.639585,52.92076,29.99593,8.742,307.293
2019,7,14,9,28,7,14,3,2019-07-14T09:00:00.0,5.433555519427736,4.744655351911484,5.126008347526624,4.307735721273233,5.126008347526624,11.942689999999999,11.983325,10.888445,46.94742,30.038775,8.9375,308.25149999999996
2019,7,14,8,28,7,14,3,2019-07-14T08:00:00.0,6.00207426600096,5.433555519427736,4.744655351911484,5.126008347526624,4.744655351911484,11.988355,11.953675,11.113995,44.15186,29.78762,5.194,296.0295
2019,7,14,7,28,7,14,3,2019-07-14T07:00:00.0,6.457627296148126,6.00207426600096,5.433555519427736,4.744655351911484,5.433555519427736,11.778655,11.787175,11.10549,42.49563,30.041845000000002,5.138,322.017
2019,7,14,6,28,7,14,3,2019-07-14T06:00:00.0,6.705324799431073,6.457627296148126,6.00207426600096,5.433555519427736,6.00207426600096,11.819485,11.816044999999999,11.172789999999999,40.201395,30.009520000000002,5.3645,195.37849999999997
2019,7,14,5,28,7,14,3,2019-07-14T05:00:00.0,4.035702929018125,6.705324799431073,6.457627296148126,6.00207426600096,6.457627296148126,12.017095000000001,11.99814,11.01954,40.59465,29.58396,4.454,216.66750000000002
2019,7,14,4,28,7,14,3,2019-07-14T04:00:00.0,3.1287467443605705,4.035702929018125,6.705324799431073,6.457627296148126,6.705324799431073,12.027465,12.003895,11.044875000000001,44.461515000000006,29.782055,7.4595,220.5555
2019,7,14,3,28,7,14,3,2019-07-14T03:00:00.0,3.4120674592623543,3.1287467443605705,4.035702929018125,6.705324799431073,4.035702929018125,11.95931,11.66499,10.553640000000001,51.43734,29.426775,8.461500000000001,302.801
2019,7,14,2,28,7,14,3,2019-07-14T02:00:00.0,4.3323303446003365,3.4120674592623543,3.1287467443605705,4.035702929018125,3.1287467443605705,11.784775,11.829235,10.54584,55.811785,30.084809999999997,15.4315,295.61400000000003
2019,7,14,1,28,7,14,3,2019-07-14T01:00:00.0,4.7557963220903785,4.3323303446003365,3.4120674592623543,3.1287467443605705,3.4120674592623543,11.88044,11.859739999999999,10.367735,56.92564,29.589930000000003,17.3885,294.725
2019,7,14,0,28,7,14,3,2019-07-14T00:00:00.0,5.707211007039386,4.7557963220903785,4.3323303446003365,3.4120674592623543,4.3323303446003365,11.89961,11.96685,10.103285,57.39373,29.531959999999998,18.1175,304.5635
2019,7,13,23,28,6,13,3,2019-07-13T23:00:00.0,6.115361208315468,5.707211007039386,4.7557963220903785,4.3323303446003365,4.7557963220903785,11.722760000000001,11.722010000000001,10.072299999999998,56.627945,29.905079999999998,16.258499999999998,308.3265
2019,7,13,22,28,6,13,3,2019-07-13T22:00:00.0,6.752677809725426,6.115361208315468,5.707211007039386,4.7557963220903785,5.707211007039386,11.733889999999999,11.646905,10.122305,55.202690000000004,29.567405,9.8835,307.0495
2019,7,13,21,28,6,13,3,2019-07-13T21:00:00.0,6.667658909134644,6.752677809725426,6.115361208315468,5.707211007039386,6.115361208315468,11.561164999999999,11.353485,10.428905,50.331334999999996,28.77362,5.4605,281.3125
2019,7,13,20,28,6,13,3,2019-07-13T20:00:00.0,7.12369613160875,6.667658909134644,6.752677809725426,6.115361208315468,6.752677809725426,11.511035,11.22102,10.404095,49.439665000000005,28.483415,4.2085,241.18349999999998
2019,7,13,19,28,6,13,3,2019-07-13T19:00:00.0,6.534790062314621,7.12369613160875,6.667658909134644,6.752677809725426,6.667658909134644,11.57606,11.419665,10.561554999999998,49.31581,30.14913,2.622,224.231
2019,7,13,18,28,6,13,3,2019-07-13T18:00:00.0,6.76214783675814,6.534790062314621,7.12369613160875,6.667658909134644,7.12369613160875,11.67397,11.516390000000001,10.343095000000002,50.31738,30.371685,4.116,290.7745
2019,7,13,17,28,6,13,3,2019-07-13T17:00:00.0,6.558245010980617,6.76214783675814,6.534790062314621,7.12369613160875,6.534790062314621,11.958965,11.892685,10.66742,48.40147,30.04114,4.127,280.0455
2019,7,13,16,28,6,13,3,2019-07-13T16:00:00.0,3.6926108670798485,6.558245010980617,6.76214783675814,6.534790062314621,6.76214783675814,12.18361,12.026129999999998,10.559285,54.312569999999994,29.770245,5.611000000000001,282.5955
2019,7,13,15,28,6,13,3,2019-07-13T15:00:00.0,2.861639139918978,3.6926108670798485,6.558245010980617,6.76214783675814,6.558245010980617,12.19648,11.982495,10.637575,57.03903,29.726205,7.186,294.09000000000003
2019,7,13,14,28,6,13,3,2019-07-13T14:00:00.0,5.1149811025674445,2.861639139918978,3.6926108670798485,6.558245010980617,3.6926108670798485,12.07542,11.78223,10.614215,56.552679999999995,30.18955,11.816500000000001,276.87
2019,7,13,13,28,6,13,3,2019-07-13T13:00:00.0,4.882533639892955,5.1149811025674445,2.861639139918978,3.6926108670798485,2.861639139918978,11.942229999999999,11.706315,10.21044,56.846545,29.88304,14.347999999999999,290.504
2019,7,13,12,28,6,13,3,2019-07-13T12:00:00.0,4.644974098875512,4.882533639892955,5.1149811025674445,2.861639139918978,5.1149811025674445,12.02282,11.830055000000002,9.8622075,58.202985,29.839869999999998,10.739,297.769
2019,7,13,11,28,6,13,3,2019-07-13T11:00:00.0,5.0683880726015555,4.644974098875512,4.882533639892955,5.1149811025674445,4.882533639892955,11.917015,11.518045,10.05616,56.798765,29.9484,9.4785,294.456
2019,7,13,10,28,6,13,3,2019-07-13T10:00:00.0,6.242549113560134,5.0683880726015555,4.644974098875512,4.882533639892955,4.644974098875512,11.700479999999999,11.63617,10.396275,55.017055,29.978324999999998,6.517,305.99
2019,7,13,9,28,6,13,3,2019-07-13T09:00:00.0,5.6707866325230665,6.242549113560134,5.0683880726015555,4.644974098875512,5.0683880726015555,11.546835,11.40974,10.84098,45.470665,30.513165,4.864,300.904
2019,7,13,8,28,6,13,3,2019-07-13T08:00:00.0,6.633009506626882,5.6707866325230665,6.242549113560134,5.0683880726015555,6.242549113560134,11.813215,11.802019999999999,10.624795,42.323274999999995,30.37303,5.296,200.548
2019,7,13,7,28,6,13,3,2019-07-13T07:00:00.0,6.962882916744973,6.633009506626882,5.6707866325230665,6.242549113560134,5.6707866325230665,11.816925,11.77151,10.7502,44.268375,30.17801,4.002,166.35899999999998
2019,7,13,6,28,6,13,3,2019-07-13T06:00:00.0,6.147155169051983,6.962882916744973,6.633009506626882,5.6707866325230665,6.633009506626882,12.13947,11.88693,10.953365,45.679100000000005,30.118740000000003,2.576,173.506
2019,7,13,5,28,6,13,3,2019-07-13T05:00:00.0,5.9120496337270145,6.147155169051983,6.962882916744973,6.633009506626882,6.962882916744973,12.210225,11.981670000000001,10.91151,50.17854,30.196635,8.46,162.294
2019,7,13,4,28,6,13,3,2019-07-13T04:00:00.0,3.0032461144993112,5.9120496337270145,6.147155169051983,6.962882916744973,6.147155169051983,12.202385,12.082104999999999,10.622435,54.391615,30.07043,5.0355,208.9845
2019,7,13,3,28,6,13,3,2019-07-13T03:00:00.0,2.7484028911168106,3.0032461144993112,5.9120496337270145,6.147155169051983,5.9120496337270145,12.5313,12.23178,10.183195000000001,54.09459,29.91652,4.3405000000000005,213.426
2019,7,13,2,28,6,13,3,2019-07-13T02:00:00.0,4.176034301784406,2.7484028911168106,3.0032461144993112,5.9120496337270145,3.0032461144993112,12.425965000000001,12.286855,10.053945,52.618045,29.869464999999998,10.853,286.977
2019,7,13,1,28,6,13,3,2019-07-13T01:00:00.0,4.689793656041541,4.176034301784406,2.7484028911168106,3.0032461144993112,2.7484028911168106,12.532895,12.45357,10.342815,58.534315,29.21139,18.6085,297.7675
2019,7,13,0,28,6,13,3,2019-07-13T00:00:00.0,5.260870282396411,4.689793656041541,4.176034301784406,2.7484028911168106,4.176034301784406,12.573145,12.41171,10.635925,59.863879999999995,28.76127,23.064,303.379
2019,7,12,23,28,5,12,3,2019-07-12T23:00:00.0,6.228982711285894,5.260870282396411,4.689793656041541,4.176034301784406,4.689793656041541,12.185505,12.01049,10.32569,56.4418,30.31584,15.514,311.2685
2019,7,12,22,28,5,12,3,2019-07-12T22:00:00.0,6.844602764045976,6.228982711285894,5.260870282396411,4.689793656041541,5.260870282396411,12.170985,12.193975,10.24045,56.14235,29.97835,11.251000000000001,318.0575
2019,7,12,21,28,5,12,3,2019-07-12T21:00:00.0,6.941995718100956,6.844602764045976,6.228982711285894,5.260870282396411,6.228982711285894,12.173285,12.11913,10.20937,52.674955,29.70356,7.0205,304.9095
2019,7,12,20,28,5,12,3,2019-07-12T20:00:00.0,6.602552285942774,6.941995718100956,6.844602764045976,6.228982711285894,6.844602764045976,12.217755,12.25974,10.214065000000002,44.3083,29.913705,3.9135,285.2345
2019,7,12,19,28,5,12,3,2019-07-12T19:00:00.0,6.889049817446668,6.602552285942774,6.941995718100956,6.844602764045976,6.941995718100956,12.201785000000001,12.12407,10.487715,40.935225,29.81418,4.3645,211.063
2019,7,12,18,28,5,12,3,2019-07-12T18:00:00.0,8.105769999200831,6.889049817446668,6.602552285942774,6.941995718100956,6.602552285942774,12.32152,12.226045,10.839775,37.164135,29.72222,2.7615,171.46550000000002
2019,7,12,17,28,5,12,3,2019-07-12T17:00:00.0,6.847899932317673,8.105769999200831,6.889049817446668,6.602552285942774,6.889049817446668,12.491530000000001,12.346834999999999,11.05283,37.34485,29.826954999999998,4.9125,167.0665
2019,7,12,16,28,5,12,3,2019-07-12T16:00:00.0,6.070883425638255,6.847899932317673,8.105769999200831,6.889049817446668,8.105769999200831,12.496935,12.194795,11.212309999999999,43.524375,29.398265000000002,4.455,242.981
2019,7,12,15,28,5,12,3,2019-07-12T15:00:00.0,4.437727063398659,6.070883425638255,6.847899932317673,8.105769999200831,6.847899932317673,12.44549,12.19397,11.863025,32.891255,29.949424999999998,3.9775,281.113
2019,7,12,14,28,5,12,3,2019-07-12T14:00:00.0,4.79833483929263,4.437727063398659,6.070883425638255,6.847899932317673,6.070883425638255,12.44349,12.28111,11.473255,41.220855,29.640410000000003,6.276,271.899
2019,7,12,13,28,5,12,3,2019-07-12T13:00:00.0,4.55266719296267,4.79833483929263,4.437727063398659,6.070883425638255,4.437727063398659,12.572295,12.449455,11.0845,47.07635,29.47821,12.408999999999999,302.698
2019,7,12,12,28,5,12,3,2019-07-12T12:00:00.0,4.749665839220928,4.55266719296267,4.79833483929263,4.437727063398659,4.79833483929263,12.611775,12.5799,11.310365000000001,46.67653,29.505679999999998,19.1145,303.6315
2019,7,12,11,28,5,12,3,2019-07-12T11:00:00.0,6.122217221481041,4.749665839220928,4.55266719296267,4.79833483929263,4.55266719296267,12.584305,12.461775,10.86379,47.981995,30.218655,18.358,312.0365
2019,7,12,10,28,5,12,3,2019-07-12T10:00:00.0,6.887759389369996,6.122217221481041,4.749665839220928,4.55266719296267,4.749665839220928,12.51969,12.459315,10.58064,46.12038,29.892645,16.36,317.0685
2019,7,12,9,28,5,12,3,2019-07-12T09:00:00.0,6.766401546776816,6.887759389369996,6.122217221481041,4.749665839220928,6.122217221481041,12.482275,12.419915,10.921755000000001,42.07416,29.85248,10.5055,321.52
2019,7,12,8,28,5,12,3,2019-07-12T08:00:00.0,7.811920426876651,6.766401546776816,6.887759389369996,6.122217221481041,6.887759389369996,12.360949999999999,12.338619999999999,10.821114999999999,44.89445,29.949285,6.4665,332.30600000000004
2019,7,12,7,28,5,12,3,2019-07-12T07:00:00.0,7.128254068200153,7.811920426876651,6.766401546776816,6.887759389369996,6.766401546776816,12.667905000000001,12.76839,10.930375,47.2244,30.136915000000002,5.4875,333.266
2019,7,12,6,28,5,12,3,2019-07-12T06:00:00.0,7.322772477667839,7.128254068200153,7.811920426876651,6.766401546776816,7.811920426876651,12.711195,12.754465,11.241555,40.38256,30.223385,3.6095,206.2595
2019,7,12,5,28,5,12,3,2019-07-12T05:00:00.0,7.354883373475355,7.322772477667839,7.128254068200153,7.811920426876651,7.128254068200153,12.568670000000001,12.57581,11.357505,35.66023,30.174615000000003,6.281,183.7155
2019,7,12,4,28,5,12,3,2019-07-12T04:00:00.0,6.427989926839329,7.354883373475355,7.322772477667839,7.128254068200153,7.322772477667839,12.50592,12.48065,11.494914999999999,38.265744999999995,29.860335,4.2625,200.935
2019,7,12,3,28,5,12,3,2019-07-12T03:00:00.0,5.513041453190499,6.427989926839329,7.354883373475355,7.322772477667839,7.354883373475355,12.458950000000002,12.461770000000001,12.198425,38.954505,29.99125,2.633,233.758
2019,7,12,2,28,5,12,3,2019-07-12T02:00:00.0,3.285852050021776,5.513041453190499,6.427989926839329,7.354883373475355,6.427989926839329,12.560145,12.518395,12.232165,43.27816,29.795335,12.782499999999999,292.5175
2019,7,12,1,28,5,12,3,2019-07-12T01:00:00.0,4.287264391237901,3.285852050021776,5.513041453190499,6.427989926839329,5.513041453190499,12.710094999999999,12.645485,12.091125,49.366215,29.672685,9.8015,285.5455
2019,7,12,0,28,5,12,3,2019-07-12T00:00:00.0,5.86087829063865,4.287264391237901,3.285852050021776,5.513041453190499,3.285852050021776,12.79172,12.706140000000001,12.032435,53.65482,30.15748,10.544,320.595
2019,7,11,23,28,4,11,3,2019-07-11T23:00:00.0,6.196136834913519,5.86087829063865,4.287264391237901,3.285852050021776,4.287264391237901,12.988565000000001,12.942725,11.668800000000001,55.506209999999996,29.599935,22.552,303.2085
2019,7,11,22,28,4,11,3,2019-07-11T22:00:00.0,6.8062295553398755,6.196136834913519,5.86087829063865,4.287264391237901,5.86087829063865,12.879290000000001,12.80933,12.21263,56.649595,30.106645,19.555500000000002,307.49699999999996
2019,7,11,21,28,4,11,3,2019-07-11T21:00:00.0,6.861861826969999,6.8062295553398755,6.196136834913519,5.86087829063865,6.196136834913519,12.61008,12.637295000000002,11.519214999999999,56.31634,30.425175,15.679000000000002,310.4415
2019,7,11,20,28,4,11,3,2019-07-11T20:00:00.0,6.7623104919376225,6.861861826969999,6.8062295553398755,6.196136834913519,6.8062295553398755,12.601305,12.57826,11.16926,52.288039999999995,30.3158,12.26,315.39300000000003
2019,7,11,19,28,4,11,3,2019-07-11T19:00:00.0,6.540216068167985,6.7623104919376225,6.861861826969999,6.8062295553398755,6.861861826969999,12.454995,12.417449999999999,11.02498,50.884095,30.40445,11.093499999999999,322.60450000000003
2019,7,11,18,28,4,11,3,2019-07-11T18:00:00.0,6.8408751153002045,6.540216068167985,6.7623104919376225,6.861861826969999,6.7623104919376225,12.391115,12.35341,11.283135,49.32385,30.040100000000002,7.145,341.8095
2019,7,11,17,28,4,11,3,2019-07-11T17:00:00.0,7.37129622126786,6.8408751153002045,6.540216068167985,6.7623104919376225,6.540216068167985,12.438725,12.400205,11.471065,44.909265,30.012909999999998,4.942,342.3365
2019,7,11,16,28,4,11,3,2019-07-11T16:00:00.0,6.703924375260929,7.37129622126786,6.8408751153002045,6.540216068167985,6.8408751153002045,12.443095,12.548729999999999,11.627815,45.895745000000005,30.21698,2.2045,234.4155
2019,7,11,15,28,4,11,3,2019-07-11T15:00:00.0,7.240359776431356,6.703924375260929,7.37129622126786,6.8408751153002045,7.37129622126786,12.643695000000001,12.681555,11.82253,46.680315,30.21357,4.224,173.6775
2019,7,11,14,28,4,11,3,2019-07-11T14:00:00.0,6.622944557020895,7.240359776431356,6.703924375260929,7.37129622126786,6.703924375260929,12.63205,12.5266,11.99183,46.08316,30.209780000000002,4.239,169.82999999999998
2019,7,11,13,28,4,11,3,2019-07-11T13:00:00.0,4.751675413807025,6.622944557020895,7.240359776431356,6.703924375260929,7.240359776431356,12.87356,12.62909,11.760255,48.26504,30.326305,6.2705,180.615
2019,7,11,12,28,4,11,3,2019-07-11T12:00:00.0,4.083704586810566,4.751675413807025,6.622944557020895,7.240359776431356,6.622944557020895,12.988235,13.072725,12.18195,48.36265,29.665125,4.102,147.0685
2019,7,11,11,28,4,11,3,2019-07-11T11:00:00.0,5.8620316432304955,4.083704586810566,4.751675413807025,6.622944557020895,4.751675413807025,12.396245,12.374759999999998,11.624095,55.44996,30.40457,3.7525000000000004,261.08050000000003
2019,7,11,10,28,4,11,3,2019-07-11T10:00:00.0,5.448158126134216,5.8620316432304955,4.083704586810566,4.751675413807025,4.083704586810566,12.12852,12.09939,11.40163,60.426105,30.494975,9.6545,314.5135
2019,7,11,9,28,4,11,3,2019-07-11T09:00:00.0,6.803683218101823,5.448158126134216,5.8620316432304955,4.083704586810566,5.8620316432304955,12.035215,11.99897,11.419015000000002,61.480090000000004,30.26163,9.2075,317.605
2019,7,11,8,28,4,11,3,2019-07-11T08:00:00.0,6.999971605429042,6.803683218101823,5.448158126134216,5.8620316432304955,5.448158126134216,12.04082,11.952845,11.3781,61.48846,29.93419,9.191500000000001,304.214
2019,7,11,7,28,4,11,3,2019-07-11T07:00:00.0,6.872222367972296,6.999971605429042,6.803683218101823,5.448158126134216,6.803683218101823,12.1675,12.15369,11.250415,59.18089500000001,30.263535,4.2620000000000005,328.598
2019,7,11,6,28,4,11,3,2019-07-11T06:00:00.0,6.903052179051901,6.872222367972296,6.999971605429042,6.803683218101823,6.999971605429042,12.145985,12.137229999999999,11.31359,56.627055,30.55425,1.2865,257.8125
2019,7,11,5,28,4,11,3,2019-07-11T05:00:00.0,6.822872955056863,6.903052179051901,6.872222367972296,6.999971605429042,6.872222367972296,12.125869999999999,12.165195,11.29854,56.39451,30.343515,2.4645,242.3345
2019,7,11,4,28,4,11,3,2019-07-11T04:00:00.0,7.774514473196803,6.822872955056863,6.903052179051901,6.872222367972296,6.903052179051901,12.307424999999999,12.27289,11.400275,55.66428500000001,30.25215,1.8985,283.5715
2019,7,11,3,28,4,11,3,2019-07-11T03:00:00.0,8.80902818226623,7.774514473196803,6.822872955056863,6.903052179051901,6.822872955056863,12.288125,12.249880000000001,11.71764,54.241125,30.078105,4.906000000000001,232.1935
2019,7,11,2,28,4,11,3,2019-07-11T02:00:00.0,7.590289551173374,8.80902818226623,7.774514473196803,6.822872955056863,7.774514473196803,12.353765,12.34766,11.629855,55.205145,30.1929,4.83,190.52550000000002
2019,7,11,1,28,4,11,3,2019-07-11T01:00:00.0,7.17463120714731,7.590289551173374,8.80902818226623,7.774514473196803,8.80902818226623,12.286885000000002,12.296725,11.87125,53.413245,30.06598,4.9785,177.1285
2019,7,11,0,28,4,11,3,2019-07-11T00:00:00.0,6.637580425168428,7.17463120714731,7.590289551173374,8.80902818226623,7.590289551173374,12.348735000000001,12.27864,11.815135000000001,52.408515,30.483835,5.0075,171.659
2019,7,10,23,28,3,10,3,2019-07-10T23:00:00.0,7.010210532102023,6.637580425168428,7.17463120714731,7.590289551173374,7.17463120714731,12.33362,12.2959,12.089355,54.650185,30.722475000000003,6.728,157.003
2019,7,10,22,28,3,10,3,2019-07-10T22:00:00.0,8.023300549392973,7.010210532102023,6.637580425168428,7.17463120714731,6.637580425168428,12.38437,12.3608,11.56372,56.878845,30.277425,2.738,285.0665
2019,7,10,21,28,3,10,3,2019-07-10T21:00:00.0,7.647268674246359,8.023300549392973,7.010210532102023,6.637580425168428,7.010210532102023,12.155095,12.143815,11.2587,61.62616,30.322735,10.9315,310.5575
2019,7,10,20,28,3,10,3,2019-07-10T20:00:00.0,7.2168340244696525,7.647268674246359,8.023300549392973,7.010210532102023,8.023300549392973,12.137595000000001,12.08128,11.134070000000001,60.37787,30.34925,11.229,317.058
2019,7,10,19,28,3,10,3,2019-07-10T19:00:00.0,6.389409765459047,7.2168340244696525,7.647268674246359,8.023300549392973,7.647268674246359,12.1215,12.08293,11.12917,59.587604999999996,30.577375,11.5665,312.394
2019,7,10,18,28,3,10,3,2019-07-10T18:00:00.0,9.715374344611977,6.389409765459047,7.2168340244696525,7.647268674246359,7.2168340244696525,12.13876,12.056560000000001,11.055399999999999,55.67016,30.591355,6.079,328.3085
2019,7,10,17,28,3,10,3,2019-07-10T17:00:00.0,7.635574416153547,9.715374344611977,6.389409765459047,7.2168340244696525,6.389409765459047,12.108170000000001,12.029430000000001,11.585740000000001,51.94967,30.593110000000003,3.283,343.86
2019,7,10,16,28,3,10,3,2019-07-10T16:00:00.0,8.109931310035304,7.635574416153547,9.715374344611977,6.389409765459047,9.715374344611977,11.951515,12.062355,11.24292,54.365265,30.521015,3.5614999999999997,349.8965
2019,7,10,15,28,3,10,3,2019-07-10T15:00:00.0,9.390169411113527,8.109931310035304,7.635574416153547,9.715374344611977,7.635574416153547,11.992640000000002,11.952024999999999,11.142225,57.742450000000005,30.750140000000002,3.018,214.5965
2019,7,10,14,28,3,10,3,2019-07-10T14:00:00.0,6.65990524653448,9.390169411113527,8.109931310035304,7.635574416153547,8.109931310035304,12.161515,12.154499999999999,11.525414999999999,56.47185,30.504175,6.4765,187.4565
2019,7,10,13,28,3,10,3,2019-07-10T13:00:00.0,5.53997975708502,6.65990524653448,9.390169411113527,8.109931310035304,9.390169411113527,12.10876,12.098565,11.595285,57.81738,30.33587,9.3965,181.393
2019,7,10,12,28,3,10,3,2019-07-10T12:00:00.0,4.175546204887522,5.53997975708502,6.65990524653448,9.390169411113527,6.65990524653448,11.993005,11.994845,11.28377,58.50582,29.826835,8.940999999999999,172.276
2019,7,10,11,28,3,10,3,2019-07-10T11:00:00.0,3.0726847651615605,4.175546204887522,5.53997975708502,6.65990524653448,5.53997975708502,12.068760000000001,12.045069999999999,11.173964999999999,61.436825,30.018475000000002,6.535500000000001,172.907
2019,7,10,10,28,3,10,3,2019-07-10T10:00:00.0,4.86333539802217,3.0726847651615605,4.175546204887522,5.53997975708502,4.175546204887522,11.838365,11.819334999999999,11.146740000000001,63.148565000000005,30.136915000000002,3.3475,317.6965
2019,7,10,9,28,3,10,3,2019-07-10T09:00:00.0,6.406431598724167,4.86333539802217,3.0726847651615605,4.175546204887522,3.0726847651615605,11.64674,11.618829999999999,11.050705,65.59503,29.98238,12.5795,311.6
